image_id,description_libre,concept_principal,autres_concepts,interpretable_oui_non,confiance_1_a_5,commentaire
R001,,,,,,
R002,,,,,,
R003,,,,,,
R004,,,,,,
R005,,,,,,
R006,,,,,,
R007,,,,,,
R008,,,,,,
R009,,,,,,
R010,,,,,,
R011,,,,,,
R012,,,,,,
R013,,,,,,
R014,,,,,,
R015,,,,,,
R016,,,,,,
R017,,,,,,
R018,,,,,,
R019,,,,,,
R020,,,,,,
R021,,,,,,
R022,,,,,,
R023,,,,,,
R024,,,,,,
R025,,,,,,
R026,,,,,,
R027,,,,,,
R028,,,,,,
R029,,,,,,
R030,,,,,,
R031,,,,,,
R032,,,,,,
R033,,,,,,
R034,,,,,,
R035,,,,,,
R036,,,,,,
R037,,,,,,
R038,,,,,,
R039,,,,,,
R040,,,,,,
R041,,,,,,
R042,,,,,,
R043,,,,,,
R044,,,,,,
R045,,,,,,
R046,,,,,,
R047,,,,,,
R048,,,,,,
R049,,,,,,
R050,,,,,,
R051,,,,,,
R052,,,,,,
R053,,,,,,
R054,,,,,,
R055,,,,,,
R056,,,,,,
R057,,,,,,
R058,,,,,,
R059,,,,,,
R060,,,,,,
R061,,,,,,
R062,,,,,,
R063,,,,,,
R064,,,,,,
R065,,,,,,
R066,,,,,,
R067,,,,,,
R068,,,,,,
