patient,feature_set,seed,arm,recipient,target_donor,control_donor,target_pixel_rms,control_pixel_rms,relative_amplitude_mismatch,other_tissue_drift,control_tissue_drift,numerical_checks_pass,observed_fraction_change,predicted_fraction_change,change_absolute_error
TCGA-A1-A0SP,rgb,11,target,15,7,58,0.20722393691539764,0.22119927406311035,0.067440747221294,0.03265380859375,0.1119384765625,False,-0.01003265380859375,-0.0033282041549682617,0.006704449653625488
TCGA-A1-A0SP,rgb,11,control,15,7,58,0.20722393691539764,0.22119927406311035,0.067440747221294,0.03265380859375,0.1119384765625,False,0.0012720281956717372,-0.001055791974067688,0.002327820169739425
TCGA-A1-A0SP,rgb,11,target,16,32,15,0.1961161345243454,0.18863481283187866,0.038147405416753315,0.0,0.11004638671875,False,-0.01108828466385603,-0.0007330775260925293,0.0103552071377635
TCGA-A1-A0SP,rgb,11,control,16,32,15,0.1961161345243454,0.18863481283187866,0.038147405416753315,0.0,0.11004638671875,False,-0.0012505271006375551,0.0014775097370147705,0.0027280368376523256
TCGA-A1-A0SP,rgb,11,target,17,32,31,0.19222699105739594,0.18005594611167908,0.06331600405732188,0.0,0.0833740234375,False,-0.010171369649469852,-0.0005234628915786743,0.009647906757891178
TCGA-A1-A0SP,rgb,11,control,17,32,31,0.19222699105739594,0.18005594611167908,0.06331600405732188,0.0,0.0833740234375,False,-0.0009474320686422288,0.001359015703201294,0.002306447771843523
TCGA-A1-A0SP,rgb,23,target,15,7,58,0.20722393691539764,0.22119927406311035,0.067440747221294,0.03265380859375,0.1119384765625,False,-0.01003265380859375,-0.01000089943408966,3.1754374504089355e-05
TCGA-A1-A0SP,rgb,23,control,15,7,58,0.20722393691539764,0.22119927406311035,0.067440747221294,0.03265380859375,0.1119384765625,False,0.0012720281956717372,-0.004914030432701111,0.006186058628372848
TCGA-A1-A0SP,rgb,23,target,16,32,15,0.1961161345243454,0.18863481283187866,0.038147405416753315,0.0,0.11004638671875,False,-0.01108828466385603,-0.005073845386505127,0.0060144392773509026
TCGA-A1-A0SP,rgb,23,control,16,32,15,0.1961161345243454,0.18863481283187866,0.038147405416753315,0.0,0.11004638671875,False,-0.0012505271006375551,0.002693548798561096,0.003944075899198651
TCGA-A1-A0SP,rgb,23,target,17,32,31,0.19222699105739594,0.18005594611167908,0.06331600405732188,0.0,0.0833740234375,False,-0.010171369649469852,-0.004716306924819946,0.005455062724649906
TCGA-A1-A0SP,rgb,23,control,17,32,31,0.19222699105739594,0.18005594611167908,0.06331600405732188,0.0,0.0833740234375,False,-0.0009474320686422288,0.001777350902557373,0.002724782971199602
TCGA-A1-A0SP,rgb,37,target,15,7,58,0.20722393691539764,0.22119927406311035,0.067440747221294,0.03265380859375,0.1119384765625,False,-0.01003265380859375,-0.004196822643280029,0.005835831165313721
TCGA-A1-A0SP,rgb,37,control,15,7,58,0.20722393691539764,0.22119927406311035,0.067440747221294,0.03265380859375,0.1119384765625,False,0.0012720281956717372,-0.002081751823425293,0.00335378001909703
TCGA-A1-A0SP,rgb,37,target,16,32,15,0.1961161345243454,0.18863481283187866,0.038147405416753315,0.0,0.11004638671875,False,-0.01108828466385603,-0.0018126368522644043,0.009275647811591625
TCGA-A1-A0SP,rgb,37,control,16,32,15,0.1961161345243454,0.18863481283187866,0.038147405416753315,0.0,0.11004638671875,False,-0.0012505271006375551,0.0009336173534393311,0.002184144454076886
TCGA-A1-A0SP,rgb,37,target,17,32,31,0.19222699105739594,0.18005594611167908,0.06331600405732188,0.0,0.0833740234375,False,-0.010171369649469852,-0.0013939142227172852,0.008777455426752567
TCGA-A1-A0SP,rgb,37,control,17,32,31,0.19222699105739594,0.18005594611167908,0.06331600405732188,0.0,0.0833740234375,False,-0.0009474320686422288,0.0009096860885620117,0.0018571181572042406
TCGA-A1-A0SP,rgb_texture,11,target,15,7,58,0.20722393691539764,0.22119927406311035,0.067440747221294,0.03265380859375,0.1119384765625,False,-0.01003265380859375,-0.011792659759521484,0.0017600059509277344
TCGA-A1-A0SP,rgb_texture,11,control,15,7,58,0.20722393691539764,0.22119927406311035,0.067440747221294,0.03265380859375,0.1119384765625,False,0.0012720281956717372,-0.003849238157272339,0.005121266352944076
TCGA-A1-A0SP,rgb_texture,11,target,16,32,15,0.1961161345243454,0.18863481283187866,0.038147405416753315,0.0,0.11004638671875,False,-0.01108828466385603,-0.00748172402381897,0.00360656064003706
TCGA-A1-A0SP,rgb_texture,11,control,16,32,15,0.1961161345243454,0.18863481283187866,0.038147405416753315,0.0,0.11004638671875,False,-0.0012505271006375551,0.0036563873291015625,0.004906914429739118
TCGA-A1-A0SP,rgb_texture,11,target,17,32,31,0.19222699105739594,0.18005594611167908,0.06331600405732188,0.0,0.0833740234375,False,-0.010171369649469852,-0.006708517670631409,0.0034628519788384438
TCGA-A1-A0SP,rgb_texture,11,control,17,32,31,0.19222699105739594,0.18005594611167908,0.06331600405732188,0.0,0.0833740234375,False,-0.0009474320686422288,0.0012116432189941406,0.0021590752876363695
TCGA-A1-A0SP,rgb_texture,23,target,15,7,58,0.20722393691539764,0.22119927406311035,0.067440747221294,0.03265380859375,0.1119384765625,False,-0.01003265380859375,-0.007574595510959625,0.0024580582976341248
TCGA-A1-A0SP,rgb_texture,23,control,15,7,58,0.20722393691539764,0.22119927406311035,0.067440747221294,0.03265380859375,0.1119384765625,False,0.0012720281956717372,-0.004324115812778473,0.00559614400845021
TCGA-A1-A0SP,rgb_texture,23,target,16,32,15,0.1961161345243454,0.18863481283187866,0.038147405416753315,0.0,0.11004638671875,False,-0.01108828466385603,-0.006987065076828003,0.004101219587028027
TCGA-A1-A0SP,rgb_texture,23,control,16,32,15,0.1961161345243454,0.18863481283187866,0.038147405416753315,0.0,0.11004638671875,False,-0.0012505271006375551,0.0005863159894943237,0.0018368430901318789
TCGA-A1-A0SP,rgb_texture,23,target,17,32,31,0.19222699105739594,0.18005594611167908,0.06331600405732188,0.0,0.0833740234375,False,-0.010171369649469852,-0.007260739803314209,0.0029106298461556435
TCGA-A1-A0SP,rgb_texture,23,control,17,32,31,0.19222699105739594,0.18005594611167908,0.06331600405732188,0.0,0.0833740234375,False,-0.0009474320686422288,-0.0013983100652694702,0.0004508779966272414
TCGA-A1-A0SP,rgb_texture,37,target,15,7,58,0.20722393691539764,0.22119927406311035,0.067440747221294,0.03265380859375,0.1119384765625,False,-0.01003265380859375,-0.015306591987609863,0.005273938179016113
TCGA-A1-A0SP,rgb_texture,37,control,15,7,58,0.20722393691539764,0.22119927406311035,0.067440747221294,0.03265380859375,0.1119384765625,False,0.0012720281956717372,-0.010925203561782837,0.012197231757454574
TCGA-A1-A0SP,rgb_texture,37,target,16,32,15,0.1961161345243454,0.18863481283187866,0.038147405416753315,0.0,0.11004638671875,False,-0.01108828466385603,-0.022421658039093018,0.011333373375236988
TCGA-A1-A0SP,rgb_texture,37,control,16,32,15,0.1961161345243454,0.18863481283187866,0.038147405416753315,0.0,0.11004638671875,False,-0.0012505271006375551,0.0012332499027252197,0.002483777003362775
TCGA-A1-A0SP,rgb_texture,37,target,17,32,31,0.19222699105739594,0.18005594611167908,0.06331600405732188,0.0,0.0833740234375,False,-0.010171369649469852,-0.025030136108398438,0.014858766458928585
TCGA-A1-A0SP,rgb_texture,37,control,17,32,31,0.19222699105739594,0.18005594611167908,0.06331600405732188,0.0,0.0833740234375,False,-0.0009474320686422288,-0.002627074718475342,0.001679642649833113
TCGA-A2-A04P,rgb,11,target,0,17,30,0.2360941469669342,0.2371785044670105,0.004592902933032736,0.0,0.01678466796875,True,-0.0202763881534338,-0.014595448970794678,0.005680939182639122
TCGA-A2-A04P,rgb,11,control,0,17,30,0.2360941469669342,0.2371785044670105,0.004592902933032736,0.0,0.01678466796875,True,-0.00034968057298101485,-0.0029871761798858643,0.0026374956069048494
TCGA-A2-A04P,rgb,11,target,1,23,2,0.22001540660858154,0.22177018225193024,0.007975694386123276,0.001708984375,0.0224609375,True,-0.017078399658203125,-0.014267772436141968,0.0028106272220611572
TCGA-A2-A04P,rgb,11,control,1,23,2,0.22001540660858154,0.22177018225193024,0.007975694386123276,0.001708984375,0.0224609375,True,0.00046793618821538985,-0.00010603666305541992,0.0005739728512708098
TCGA-A2-A04P,rgb,11,target,2,23,31,0.209026038646698,0.20986591279506683,0.0040180360007128855,0.001708984375,0.01348876953125,True,-0.017546335235238075,-0.016944199800491333,0.0006021354347467422
TCGA-A2-A04P,rgb,11,control,2,23,31,0.209026038646698,0.20986591279506683,0.0040180360007128855,0.001708984375,0.01348876953125,True,-0.00028101602219976485,-0.001262277364730835,0.0009812613425310701
TCGA-A2-A04P,rgb,23,target,0,17,30,0.2360941469669342,0.2371785044670105,0.004592902933032736,0.0,0.01678466796875,True,-0.0202763881534338,-0.01751747727394104,0.0027589108794927597
TCGA-A2-A04P,rgb,23,control,0,17,30,0.2360941469669342,0.2371785044670105,0.004592902933032736,0.0,0.01678466796875,True,-0.00034968057298101485,0.0002923011779785156,0.0006419817509595305
TCGA-A2-A04P,rgb,23,target,1,23,2,0.22001540660858154,0.22177018225193024,0.007975694386123276,0.001708984375,0.0224609375,True,-0.017078399658203125,-0.01435193419456482,0.0027264654636383057
TCGA-A2-A04P,rgb,23,control,1,23,2,0.22001540660858154,0.22177018225193024,0.007975694386123276,0.001708984375,0.0224609375,True,0.00046793618821538985,0.0038081109523773193,0.0033401747641619295
TCGA-A2-A04P,rgb,23,target,2,23,31,0.209026038646698,0.20986591279506683,0.0040180360007128855,0.001708984375,0.01348876953125,True,-0.017546335235238075,-0.01967906951904297,0.0021327342838048935
TCGA-A2-A04P,rgb,23,control,2,23,31,0.209026038646698,0.20986591279506683,0.0040180360007128855,0.001708984375,0.01348876953125,True,-0.00028101602219976485,-0.005008101463317871,0.004727085441118106
TCGA-A2-A04P,rgb,37,target,0,17,30,0.2360941469669342,0.2371785044670105,0.004592902933032736,0.0,0.01678466796875,True,-0.0202763881534338,-0.01244443655014038,0.007831951603293419
TCGA-A2-A04P,rgb,37,control,0,17,30,0.2360941469669342,0.2371785044670105,0.004592902933032736,0.0,0.01678466796875,True,-0.00034968057298101485,-0.0028030872344970703,0.0024534066615160555
TCGA-A2-A04P,rgb,37,target,1,23,2,0.22001540660858154,0.22177018225193024,0.007975694386123276,0.001708984375,0.0224609375,True,-0.017078399658203125,-0.011553764343261719,0.005524635314941406
TCGA-A2-A04P,rgb,37,control,1,23,2,0.22001540660858154,0.22177018225193024,0.007975694386123276,0.001708984375,0.0224609375,True,0.00046793618821538985,0.0011014938354492188,0.0006335576472338289
TCGA-A2-A04P,rgb,37,target,2,23,31,0.209026038646698,0.20986591279506683,0.0040180360007128855,0.001708984375,0.01348876953125,True,-0.017546335235238075,-0.013705462217330933,0.0038408730179071426
TCGA-A2-A04P,rgb,37,control,2,23,31,0.209026038646698,0.20986591279506683,0.0040180360007128855,0.001708984375,0.01348876953125,True,-0.00028101602219976485,-0.002269148826599121,0.0019881328043993562
TCGA-A2-A04P,rgb_texture,11,target,0,17,30,0.2360941469669342,0.2371785044670105,0.004592902933032736,0.0,0.01678466796875,True,-0.0202763881534338,-0.026890337467193604,0.006613949313759804
TCGA-A2-A04P,rgb_texture,11,control,0,17,30,0.2360941469669342,0.2371785044670105,0.004592902933032736,0.0,0.01678466796875,True,-0.00034968057298101485,-0.005949676036834717,0.005599995463853702
TCGA-A2-A04P,rgb_texture,11,target,1,23,2,0.22001540660858154,0.22177018225193024,0.007975694386123276,0.001708984375,0.0224609375,True,-0.017078399658203125,-0.022935330867767334,0.005856931209564209
TCGA-A2-A04P,rgb_texture,11,control,1,23,2,0.22001540660858154,0.22177018225193024,0.007975694386123276,0.001708984375,0.0224609375,True,0.00046793618821538985,-0.003210902214050293,0.003678838402265683
TCGA-A2-A04P,rgb_texture,11,target,2,23,31,0.209026038646698,0.20986591279506683,0.0040180360007128855,0.001708984375,0.01348876953125,True,-0.017546335235238075,-0.019115298986434937,0.0015689637511968613
TCGA-A2-A04P,rgb_texture,11,control,2,23,31,0.209026038646698,0.20986591279506683,0.0040180360007128855,0.001708984375,0.01348876953125,True,-0.00028101602219976485,-0.0004159212112426758,0.00013490518904291093
TCGA-A2-A04P,rgb_texture,23,target,0,17,30,0.2360941469669342,0.2371785044670105,0.004592902933032736,0.0,0.01678466796875,True,-0.0202763881534338,-0.0067130327224731445,0.013563355430960655
TCGA-A2-A04P,rgb_texture,23,control,0,17,30,0.2360941469669342,0.2371785044670105,0.004592902933032736,0.0,0.01678466796875,True,-0.00034968057298101485,0.002276778221130371,0.002626458794111386
TCGA-A2-A04P,rgb_texture,23,target,1,23,2,0.22001540660858154,0.22177018225193024,0.007975694386123276,0.001708984375,0.0224609375,True,-0.017078399658203125,-0.008874580264091492,0.008203819394111633
TCGA-A2-A04P,rgb_texture,23,control,1,23,2,0.22001540660858154,0.22177018225193024,0.007975694386123276,0.001708984375,0.0224609375,True,0.00046793618821538985,0.0038389265537261963,0.0033709903655108064
TCGA-A2-A04P,rgb_texture,23,target,2,23,31,0.209026038646698,0.20986591279506683,0.0040180360007128855,0.001708984375,0.01348876953125,True,-0.017546335235238075,-0.013620331883430481,0.003926003351807594
TCGA-A2-A04P,rgb_texture,23,control,2,23,31,0.209026038646698,0.20986591279506683,0.0040180360007128855,0.001708984375,0.01348876953125,True,-0.00028101602219976485,-0.0036246776580810547,0.00334366163588129
TCGA-A2-A04P,rgb_texture,37,target,0,17,30,0.2360941469669342,0.2371785044670105,0.004592902933032736,0.0,0.01678466796875,True,-0.0202763881534338,-0.0092238187789917,0.0110525693744421
TCGA-A2-A04P,rgb_texture,37,control,0,17,30,0.2360941469669342,0.2371785044670105,0.004592902933032736,0.0,0.01678466796875,True,-0.00034968057298101485,-0.0055332183837890625,0.005183537810808048
TCGA-A2-A04P,rgb_texture,37,target,1,23,2,0.22001540660858154,0.22177018225193024,0.007975694386123276,0.001708984375,0.0224609375,True,-0.017078399658203125,-0.012242525815963745,0.00483587384223938
TCGA-A2-A04P,rgb_texture,37,control,1,23,2,0.22001540660858154,0.22177018225193024,0.007975694386123276,0.001708984375,0.0224609375,True,0.00046793618821538985,-0.0016894340515136719,0.0021573702397290617
TCGA-A2-A04P,rgb_texture,37,target,2,23,31,0.209026038646698,0.20986591279506683,0.0040180360007128855,0.001708984375,0.01348876953125,True,-0.017546335235238075,-0.012453436851501465,0.00509289838373661
TCGA-A2-A04P,rgb_texture,37,control,2,23,31,0.209026038646698,0.20986591279506683,0.0040180360007128855,0.001708984375,0.01348876953125,True,-0.00028101602219976485,0.0005812942981719971,0.0008623103203717619
TCGA-A2-A04T,rgb,11,target,2,11,78,0.2323676198720932,0.23224274814128876,0.0005373886898406027,0.0,0.041773692037312425,True,-0.010529959574341774,-0.001262366771697998,0.009267592802643776
TCGA-A2-A04T,rgb,11,control,2,11,78,0.2323676198720932,0.23224274814128876,0.0005373886898406027,0.0,0.041773692037312425,True,0.00045905139995738864,0.0010898709297180176,0.0006308195297606289
TCGA-A2-A04T,rgb,11,target,3,11,79,0.22164621949195862,0.2218085378408432,0.000732330780360869,0.0,0.02630615234375,True,-0.010699932463467121,-0.0007545351982116699,0.009945397265255451
TCGA-A2-A04T,rgb,11,control,3,11,79,0.22164621949195862,0.2218085378408432,0.000732330780360869,0.0,0.02630615234375,True,0.00028907859814353287,0.0012783408164978027,0.0009892622183542699
TCGA-A2-A04T,rgb,11,target,15,11,35,0.2231767177581787,0.22367991507053375,0.002254703435957315,0.0,0.017259910223177632,True,-0.010799341835081577,-0.0007922649383544922,0.010007076896727085
TCGA-A2-A04T,rgb,11,control,15,11,35,0.2231767177581787,0.22367991507053375,0.002254703435957315,0.0,0.017259910223177632,True,0.000189669182873331,-0.00017452239990234375,0.00036419158277567476
TCGA-A2-A04T,rgb,23,target,2,11,78,0.2323676198720932,0.23224274814128876,0.0005373886898406027,0.0,0.041773692037312425,True,-0.010529959574341774,-0.004437506198883057,0.006092453375458717
TCGA-A2-A04T,rgb,23,control,2,11,78,0.2323676198720932,0.23224274814128876,0.0005373886898406027,0.0,0.041773692037312425,True,0.00045905139995738864,-0.0005918145179748535,0.0010508659179322422
TCGA-A2-A04T,rgb,23,target,3,11,79,0.22164621949195862,0.2218085378408432,0.000732330780360869,0.0,0.02630615234375,True,-0.010699932463467121,-0.00468820333480835,0.0060117291286587715
TCGA-A2-A04T,rgb,23,control,3,11,79,0.22164621949195862,0.2218085378408432,0.000732330780360869,0.0,0.02630615234375,True,0.00028907859814353287,-0.0005257129669189453,0.0008147915650624782
TCGA-A2-A04T,rgb,23,target,15,11,35,0.2231767177581787,0.22367991507053375,0.002254703435957315,0.0,0.017259910223177632,True,-0.010799341835081577,-0.003922760486602783,0.006876581348478794
TCGA-A2-A04T,rgb,23,control,15,11,35,0.2231767177581787,0.22367991507053375,0.002254703435957315,0.0,0.017259910223177632,True,0.000189669182873331,-0.001728653907775879,0.00191832309064921
TCGA-A2-A04T,rgb,37,target,2,11,78,0.2323676198720932,0.23224274814128876,0.0005373886898406027,0.0,0.041773692037312425,True,-0.010529959574341774,-0.006459712982177734,0.00407024659216404
TCGA-A2-A04T,rgb,37,control,2,11,78,0.2323676198720932,0.23224274814128876,0.0005373886898406027,0.0,0.041773692037312425,True,0.00045905139995738864,-0.0007013678550720215,0.0011604192550294101
TCGA-A2-A04T,rgb,37,target,3,11,79,0.22164621949195862,0.2218085378408432,0.000732330780360869,0.0,0.02630615234375,True,-0.010699932463467121,-0.006126284599304199,0.004573647864162922
TCGA-A2-A04T,rgb,37,control,3,11,79,0.22164621949195862,0.2218085378408432,0.000732330780360869,0.0,0.02630615234375,True,0.00028907859814353287,-0.00013512372970581055,0.0004242023278493434
TCGA-A2-A04T,rgb,37,target,15,11,35,0.2231767177581787,0.22367991507053375,0.002254703435957315,0.0,0.017259910223177632,True,-0.010799341835081577,-0.0066242218017578125,0.004175120033323765
TCGA-A2-A04T,rgb,37,control,15,11,35,0.2231767177581787,0.22367991507053375,0.002254703435957315,0.0,0.017259910223177632,True,0.000189669182873331,-0.002605438232421875,0.002795107415295206
TCGA-A2-A04T,rgb_texture,11,target,2,11,78,0.2323676198720932,0.23224274814128876,0.0005373886898406027,0.0,0.041773692037312425,True,-0.010529959574341774,-0.0038407742977142334,0.006689185276627541
TCGA-A2-A04T,rgb_texture,11,control,2,11,78,0.2323676198720932,0.23224274814128876,0.0005373886898406027,0.0,0.041773692037312425,True,0.00045905139995738864,0.0033839941024780273,0.0029249427025206387
TCGA-A2-A04T,rgb_texture,11,target,3,11,79,0.22164621949195862,0.2218085378408432,0.000732330780360869,0.0,0.02630615234375,True,-0.010699932463467121,-0.004790693521499634,0.005909238941967487
TCGA-A2-A04T,rgb_texture,11,control,3,11,79,0.22164621949195862,0.2218085378408432,0.000732330780360869,0.0,0.02630615234375,True,0.00028907859814353287,0.0031480491161346436,0.0028589705179911107
TCGA-A2-A04T,rgb_texture,11,target,15,11,35,0.2231767177581787,0.22367991507053375,0.002254703435957315,0.0,0.017259910223177632,True,-0.010799341835081577,-0.004702270030975342,0.0060970718041062355
TCGA-A2-A04T,rgb_texture,11,control,15,11,35,0.2231767177581787,0.22367991507053375,0.002254703435957315,0.0,0.017259910223177632,True,0.000189669182873331,-0.0018535256385803223,0.0020431948214536533
TCGA-A2-A04T,rgb_texture,23,target,2,11,78,0.2323676198720932,0.23224274814128876,0.0005373886898406027,0.0,0.041773692037312425,True,-0.010529959574341774,-0.013671934604644775,0.0031419750303030014
TCGA-A2-A04T,rgb_texture,23,control,2,11,78,0.2323676198720932,0.23224274814128876,0.0005373886898406027,0.0,0.041773692037312425,True,0.00045905139995738864,-0.006324648857116699,0.006783700257074088
TCGA-A2-A04T,rgb_texture,23,target,3,11,79,0.22164621949195862,0.2218085378408432,0.000732330780360869,0.0,0.02630615234375,True,-0.010699932463467121,-0.005671799182891846,0.005028133280575275
TCGA-A2-A04T,rgb_texture,23,control,3,11,79,0.22164621949195862,0.2218085378408432,0.000732330780360869,0.0,0.02630615234375,True,0.00028907859814353287,-0.005479276180267334,0.005768354778410867
TCGA-A2-A04T,rgb_texture,23,target,15,11,35,0.2231767177581787,0.22367991507053375,0.002254703435957315,0.0,0.017259910223177632,True,-0.010799341835081577,-0.010257899761199951,0.0005414420738816261
TCGA-A2-A04T,rgb_texture,23,control,15,11,35,0.2231767177581787,0.22367991507053375,0.002254703435957315,0.0,0.017259910223177632,True,0.000189669182873331,-0.004784524440765381,0.004974193623638712
TCGA-A2-A04T,rgb_texture,37,target,2,11,78,0.2323676198720932,0.23224274814128876,0.0005373886898406027,0.0,0.041773692037312425,True,-0.010529959574341774,-0.009769439697265625,0.000760519877076149
TCGA-A2-A04T,rgb_texture,37,control,2,11,78,0.2323676198720932,0.23224274814128876,0.0005373886898406027,0.0,0.041773692037312425,True,0.00045905139995738864,-0.0026610493659973145,0.003120100765954703
TCGA-A2-A04T,rgb_texture,37,target,3,11,79,0.22164621949195862,0.2218085378408432,0.000732330780360869,0.0,0.02630615234375,True,-0.010699932463467121,-0.009650051593780518,0.0010498808696866035
TCGA-A2-A04T,rgb_texture,37,control,3,11,79,0.22164621949195862,0.2218085378408432,0.000732330780360869,0.0,0.02630615234375,True,0.00028907859814353287,-0.00228273868560791,0.002571817283751443
TCGA-A2-A04T,rgb_texture,37,target,15,11,35,0.2231767177581787,0.22367991507053375,0.002254703435957315,0.0,0.017259910223177632,True,-0.010799341835081577,-0.00692296028137207,0.003876381553709507
TCGA-A2-A04T,rgb_texture,37,control,15,11,35,0.2231767177581787,0.22367991507053375,0.002254703435957315,0.0,0.017259910223177632,True,0.000189669182873331,-0.002536475658416748,0.002726144841290079
TCGA-A2-A0CM,rgb,11,target,5,40,34,0.20632153749465942,0.21227090060710907,0.028835395396390177,0.01470947265625,0.01470947265625,True,-0.0156395323574543,-2.5331974029541016e-05,0.015614200383424759
TCGA-A2-A0CM,rgb,11,control,5,40,34,0.20632153749465942,0.21227090060710907,0.028835395396390177,0.01470947265625,0.01470947265625,True,0.00023348368995357305,0.0010249614715576172,0.0007914777816040441
TCGA-A2-A0CM,rgb,11,target,6,40,34,0.19896455109119415,0.21173427999019623,0.06418092483795845,0.0,0.130859375,False,-0.013795883394777775,-0.0005335807800292969,0.013262302614748478
TCGA-A2-A0CM,rgb,11,control,6,40,34,0.19896455109119415,0.21173427999019623,0.06418092483795845,0.0,0.130859375,False,0.0020771329291164875,0.001012265682220459,0.0010648672468960285
TCGA-A2-A0CM,rgb,11,target,7,40,34,0.20334720611572266,0.22867080569267273,0.12453379645913941,0.0,0.196533203125,False,-0.012753440998494625,0.0012822747230529785,0.014035715721547604
TCGA-A2-A0CM,rgb,11,control,7,40,34,0.20334720611572266,0.22867080569267273,0.12453379645913941,0.0,0.196533203125,False,0.0031195746269077063,0.0027037858963012695,0.00041578873060643673
TCGA-A2-A0CM,rgb,23,target,5,40,34,0.20632153749465942,0.21227090060710907,0.028835395396390177,0.01470947265625,0.01470947265625,True,-0.0156395323574543,-0.006875574588775635,0.008763957768678665
TCGA-A2-A0CM,rgb,23,control,5,40,34,0.20632153749465942,0.21227090060710907,0.028835395396390177,0.01470947265625,0.01470947265625,True,0.00023348368995357305,0.002894580364227295,0.002661096674273722
TCGA-A2-A0CM,rgb,23,target,6,40,34,0.19896455109119415,0.21173427999019623,0.06418092483795845,0.0,0.130859375,False,-0.013795883394777775,-0.0031676292419433594,0.010628254152834415
TCGA-A2-A0CM,rgb,23,control,6,40,34,0.19896455109119415,0.21173427999019623,0.06418092483795845,0.0,0.130859375,False,0.0020771329291164875,0.0010051727294921875,0.0010719601996243
TCGA-A2-A0CM,rgb,23,target,7,40,34,0.20334720611572266,0.22867080569267273,0.12453379645913941,0.0,0.196533203125,False,-0.012753440998494625,-0.0014982819557189941,0.011255159042775631
TCGA-A2-A0CM,rgb,23,control,7,40,34,0.20334720611572266,0.22867080569267273,0.12453379645913941,0.0,0.196533203125,False,0.0031195746269077063,0.0014549493789672852,0.001664625247940421
TCGA-A2-A0CM,rgb,37,target,5,40,34,0.20632153749465942,0.21227090060710907,0.028835395396390177,0.01470947265625,0.01470947265625,True,-0.0156395323574543,-0.00013446807861328125,0.015505064278841019
TCGA-A2-A0CM,rgb,37,control,5,40,34,0.20632153749465942,0.21227090060710907,0.028835395396390177,0.01470947265625,0.01470947265625,True,0.00023348368995357305,0.002361774444580078,0.002128290754626505
TCGA-A2-A0CM,rgb,37,target,6,40,34,0.19896455109119415,0.21173427999019623,0.06418092483795845,0.0,0.130859375,False,-0.013795883394777775,-0.0007839798927307129,0.013011903502047062
TCGA-A2-A0CM,rgb,37,control,6,40,34,0.19896455109119415,0.21173427999019623,0.06418092483795845,0.0,0.130859375,False,0.0020771329291164875,0.0013641119003295898,0.0007130210287868977
TCGA-A2-A0CM,rgb,37,target,7,40,34,0.20334720611572266,0.22867080569267273,0.12453379645913941,0.0,0.196533203125,False,-0.012753440998494625,0.0001919865608215332,0.012945427559316158
TCGA-A2-A0CM,rgb,37,control,7,40,34,0.20334720611572266,0.22867080569267273,0.12453379645913941,0.0,0.196533203125,False,0.0031195746269077063,0.002459585666656494,0.0006599889602512121
TCGA-A2-A0CM,rgb_texture,11,target,5,40,34,0.20632153749465942,0.21227090060710907,0.028835395396390177,0.01470947265625,0.01470947265625,True,-0.0156395323574543,-0.02003529667854309,0.004395764321088791
TCGA-A2-A0CM,rgb_texture,11,control,5,40,34,0.20632153749465942,0.21227090060710907,0.028835395396390177,0.01470947265625,0.01470947265625,True,0.00023348368995357305,0.0027895569801330566,0.0025560732901794836
TCGA-A2-A0CM,rgb_texture,11,target,6,40,34,0.19896455109119415,0.21173427999019623,0.06418092483795845,0.0,0.130859375,False,-0.013795883394777775,-0.017136871814727783,0.0033409884199500084
TCGA-A2-A0CM,rgb_texture,11,control,6,40,34,0.19896455109119415,0.21173427999019623,0.06418092483795845,0.0,0.130859375,False,0.0020771329291164875,0.0034156441688537598,0.0013385112397372723
TCGA-A2-A0CM,rgb_texture,11,target,7,40,34,0.20334720611572266,0.22867080569267273,0.12453379645913941,0.0,0.196533203125,False,-0.012753440998494625,-0.0032644569873809814,0.009488984011113644
TCGA-A2-A0CM,rgb_texture,11,control,7,40,34,0.20334720611572266,0.22867080569267273,0.12453379645913941,0.0,0.196533203125,False,0.0031195746269077063,0.007672429084777832,0.004552854457870126
TCGA-A2-A0CM,rgb_texture,23,target,5,40,34,0.20632153749465942,0.21227090060710907,0.028835395396390177,0.01470947265625,0.01470947265625,True,-0.0156395323574543,-0.00032716989517211914,0.01531236246228218
TCGA-A2-A0CM,rgb_texture,23,control,5,40,34,0.20632153749465942,0.21227090060710907,0.028835395396390177,0.01470947265625,0.01470947265625,True,0.00023348368995357305,0.0001156926155090332,0.00011779107444453984
TCGA-A2-A0CM,rgb_texture,23,target,6,40,34,0.19896455109119415,0.21173427999019623,0.06418092483795845,0.0,0.130859375,False,-0.013795883394777775,-0.000333249568939209,0.013462633825838566
TCGA-A2-A0CM,rgb_texture,23,control,6,40,34,0.19896455109119415,0.21173427999019623,0.06418092483795845,0.0,0.130859375,False,0.0020771329291164875,9.959936141967773e-05,0.0019775335676968098
TCGA-A2-A0CM,rgb_texture,23,target,7,40,34,0.20334720611572266,0.22867080569267273,0.12453379645913941,0.0,0.196533203125,False,-0.012753440998494625,-0.00031107664108276367,0.012442364357411861
TCGA-A2-A0CM,rgb_texture,23,control,7,40,34,0.20334720611572266,0.22867080569267273,0.12453379645913941,0.0,0.196533203125,False,0.0031195746269077063,0.00022214651107788086,0.0028974281158298254
TCGA-A2-A0CM,rgb_texture,37,target,5,40,34,0.20632153749465942,0.21227090060710907,0.028835395396390177,0.01470947265625,0.01470947265625,True,-0.0156395323574543,-0.0010054707527160645,0.014634061604738235
TCGA-A2-A0CM,rgb_texture,37,control,5,40,34,0.20632153749465942,0.21227090060710907,0.028835395396390177,0.01470947265625,0.01470947265625,True,0.00023348368995357305,0.0015764832496643066,0.0013429995597107336
TCGA-A2-A0CM,rgb_texture,37,target,6,40,34,0.19896455109119415,0.21173427999019623,0.06418092483795845,0.0,0.130859375,False,-0.013795883394777775,-0.001410067081451416,0.012385816313326359
TCGA-A2-A0CM,rgb_texture,37,control,6,40,34,0.19896455109119415,0.21173427999019623,0.06418092483795845,0.0,0.130859375,False,0.0020771329291164875,0.001303553581237793,0.0007735793478786945
TCGA-A2-A0CM,rgb_texture,37,target,7,40,34,0.20334720611572266,0.22867080569267273,0.12453379645913941,0.0,0.196533203125,False,-0.012753440998494625,0.0003147125244140625,0.013068153522908688
TCGA-A2-A0CM,rgb_texture,37,control,7,40,34,0.20334720611572266,0.22867080569267273,0.12453379645913941,0.0,0.196533203125,False,0.0031195746269077063,0.002844512462615967,0.00027506216429173946
